supplier_id,supplier_name,region
S001,Global FrameWorks GmbH,Germany
S002,Apex Power Solutions,USA
S003,Precision Circuits Inc.,Taiwan
S004,Synergy Brakes Corp.,Germany
S005,OptiLight Components,South Korea
S006,Momentum Drivetrain,USA
S007,AlloyForge Industries,Mexico
S008,Digital Display Tech,Japan
S009,AeroSuspension Systems,USA
S010,Rhino Racks Manufacturing,China
S011,DuraTire Co.,Vietnam
S012,ComfortSeat International,Italy
S013,Sensorix,Germany
S014,Regen Systems,USA
S015,GeoTrack Solutions,Canada
S016,ConnectBlue Technologies,Sweden
S017,QuickLink Fasteners,Taiwan
S018,ArmorPlate Protection,China
S019,FoldRight Mechanics,Germany
S020,VoltCase Energy,USA
S021,LumaRay Lighting,South Korea
S022,CarbonWorks Design,Italy
S023,AirGlide Suspension,USA
S024,ThrottleMaster,China
S025,AquaGuard Connectors,Germany
S026,CrankItUp Components,Taiwan
S027,GripFast Polymers,USA
S028,FenderBender Inc.,Mexico
S029,StandSure Supports,China
S030,CoreDrive Motors,Germany
S031,PowerGrid Systems,USA
S032,CircuitBoard Experts,South Korea
S033,Spoke & Rim Co.,Italy
S034,SealTight Rubber,Vietnam
S035,Controller Logic,Japan
S036,FrontRunner Racks,Canada
S037,SyncWare Mobile,Sweden
S038,SecureAlert Systems,USA
S039,ChainReaction Sprockets,Taiwan
S040,CassetteKing,China
S041,AeroBlades Ltd.,USA
S042,FlightLogic,Germany
S043,TorqueMax Motors,USA
S044,SpeedControl Electronics,Taiwan
S045,Lithium Core,South Korea
S046,Quantum Electronics,USA
S047,NexaCore Materials,Germany
S048,Vertex Innovations,Japan
S049,Helios Power,South Korea
S050,TerraFirm Fasteners,Mexico